{"status": "succeeded", "createdDateTime": "2023-09-22T17:35:08Z", "lastUpdatedDateTime": "2023-09-22T17:35:11Z", "analyzeResult": {"apiVersion": "2023-07-31", "modelId": "foodbill1", "stringIndexType": "textElements", "content": "Liquor Street (ODVJH Private Limited) 11/2 Sector- 37, Faridabad-121003. Ph. No. : 0129-4360377, 9311111116 GSTIN : 06AACCO6344G1ZJ\nInvoice Number:\nIN001001259\nInvoice Date:\n20-May-18 22:55\nItem\nQty.\nRate\nTotal\nTandoori chicken\n1\n295.00\n309.75\nLasooni Dal Tadka\n1\n275.00\n288.75\nHYDERABADI MURG BIRYANI\n1\n375.00\n393.75\nTandoori Roti all food less spicy\n2\n30.00\n63.00\nTandoori Roti\n1\n30.00\n31.50\nTotal Qty:\n1,035.00\nCGST@2.5\n25.89\nSGST@2.5\n25.89\nTotal:\n1,139.00\nThanks For Visit ....\n6\nSub Total:\n51.75\nS. Tax", "pages": [{"pageNumber": 1, "angle": -1.243299961090088, "width": 1886, "height": 2982, "unit": "pixel", "words": [{"content": "Liquor", "polygon": [711, 45, 931, 41, 931, 119, 711, 124], "confidence": 0.993, "span": {"offset": 0, "length": 6}}, {"content": "Street", "polygon": [946, 40, 1148, 36, 1149, 105, 946, 118], "confidence": 0.994, "span": {"offset": 7, "length": 6}}, {"content": "(ODVJH", "polygon": [518, 139, 783, 132, 784, 208, 518, 223], "confidence": 0.99, "span": {"offset": 14, "length": 6}}, {"content": "Private", "polygon": [814, 131, 1055, 125, 1056, 200, 815, 207], "confidence": 0.993, "span": {"offset": 21, "length": 7}}, {"content": "Limited)", "polygon": [1070, 124, 1342, 117, 1345, 199, 1071, 199], "confidence": 0.983, "span": {"offset": 29, "length": 8}}, {"content": "11/2", "polygon": [676, 222, 811, 219, 811, 290, 675, 290], "confidence": 0.991, "span": {"offset": 38, "length": 4}}, {"content": "Sector-", "polygon": [835, 218, 1080, 211, 1082, 284, 835, 290], "confidence": 0.993, "span": {"offset": 43, "length": 7}}, {"content": "37,", "polygon": [1098, 210, 1194, 207, 1197, 280, 1101, 283], "confidence": 0.795, "span": {"offset": 51, "length": 3}}, {"content": "Faridabad-121003.", "polygon": [623, 317, 1247, 298, 1248, 360, 624, 376], "confidence": 0.967, "span": {"offset": 55, "length": 17}}, {"content": "Ph.", "polygon": [326, 408, 443, 404, 443, 475, 326, 476], "confidence": 0.995, "span": {"offset": 73, "length": 3}}, {"content": "No.", "polygon": [458, 403, 576, 400, 576, 472, 457, 474], "confidence": 0.995, "span": {"offset": 77, "length": 3}}, {"content": ":", "polygon": [590, 399, 623, 398, 623, 471, 590, 471], "confidence": 0.995, "span": {"offset": 81, "length": 1}}, {"content": "0129-4360377,", "polygon": [638, 398, 1154, 383, 1153, 457, 637, 470], "confidence": 0.98, "span": {"offset": 83, "length": 13}}, {"content": "9311111116", "polygon": [1168, 383, 1547, 374, 1546, 445, 1167, 457], "confidence": 0.988, "span": {"offset": 97, "length": 10}}, {"content": "GSTIN", "polygon": [445, 495, 647, 489, 649, 549, 448, 553], "confidence": 0.981, "span": {"offset": 108, "length": 5}}, {"content": ":", "polygon": [687, 488, 722, 487, 724, 547, 689, 548], "confidence": 0.945, "span": {"offset": 114, "length": 1}}, {"content": "06AACCO6344G1ZJ", "polygon": [734, 486, 1435, 465, 1435, 526, 736, 547], "confidence": 0.968, "span": {"offset": 116, "length": 15}}, {"content": "Invoice", "polygon": [109, 608, 347, 605, 348, 679, 109, 681], "confidence": 0.961, "span": {"offset": 132, "length": 7}}, {"content": "Number:", "polygon": [371, 605, 657, 602, 660, 667, 372, 678], "confidence": 0.987, "span": {"offset": 140, "length": 7}}, {"content": "IN001001259", "polygon": [958, 582, 1407, 575, 1409, 645, 958, 655], "confidence": 0.945, "span": {"offset": 148, "length": 11}}, {"content": "Invoice", "polygon": [114, 720, 351, 716, 352, 789, 114, 794], "confidence": 0.961, "span": {"offset": 160, "length": 7}}, {"content": "Date:", "polygon": [375, 715, 552, 714, 554, 783, 376, 788], "confidence": 0.993, "span": {"offset": 168, "length": 5}}, {"content": "20-May-18", "polygon": [968, 696, 1324, 687, 1325, 766, 966, 774], "confidence": 0.964, "span": {"offset": 174, "length": 9}}, {"content": "22:55", "polygon": [1350, 686, 1531, 679, 1533, 756, 1351, 765], "confidence": 0.995, "span": {"offset": 184, "length": 5}}, {"content": "Item", "polygon": [415, 952, 539, 949, 541, 1016, 415, 1020], "confidence": 0.86, "span": {"offset": 190, "length": 4}}, {"content": "Qty.", "polygon": [921, 935, 1052, 936, 1051, 1014, 920, 1013], "confidence": 0.956, "span": {"offset": 195, "length": 4}}, {"content": "Rate", "polygon": [1187, 928, 1346, 926, 1347, 994, 1187, 997], "confidence": 0.98, "span": {"offset": 200, "length": 4}}, {"content": "Total", "polygon": [1532, 916, 1695, 914, 1696, 982, 1534, 985], "confidence": 0.995, "span": {"offset": 205, "length": 5}}, {"content": "Tandoori", "polygon": [137, 1182, 424, 1174, 425, 1250, 136, 1253], "confidence": 0.994, "span": {"offset": 211, "length": 8}}, {"content": "chicken", "polygon": [439, 1173, 688, 1169, 691, 1241, 440, 1250], "confidence": 0.994, "span": {"offset": 220, "length": 7}}, {"content": "1", "polygon": [1059, 1159, 1081, 1159, 1082, 1222, 1060, 1222], "confidence": 0.995, "span": {"offset": 228, "length": 1}}, {"content": "295.00", "polygon": [1207, 1151, 1429, 1147, 1429, 1215, 1207, 1220], "confidence": 0.993, "span": {"offset": 230, "length": 6}}, {"content": "309.75", "polygon": [1550, 1142, 1775, 1136, 1778, 1205, 1551, 1211], "confidence": 0.995, "span": {"offset": 237, "length": 6}}, {"content": "Lasooni", "polygon": [130, 1296, 400, 1288, 401, 1363, 130, 1366], "confidence": 0.995, "span": {"offset": 244, "length": 7}}, {"content": "Dal", "polygon": [414, 1287, 543, 1285, 544, 1359, 415, 1363], "confidence": 0.994, "span": {"offset": 252, "length": 3}}, {"content": "Tadka", "polygon": [557, 1285, 747, 1282, 748, 1350, 558, 1358], "confidence": 0.995, "span": {"offset": 256, "length": 5}}, {"content": "1", "polygon": [1061, 1272, 1086, 1271, 1089, 1331, 1064, 1332], "confidence": 0.995, "span": {"offset": 262, "length": 1}}, {"content": "275.00", "polygon": [1214, 1266, 1429, 1264, 1430, 1330, 1214, 1331], "confidence": 0.995, "span": {"offset": 264, "length": 6}}, {"content": "288.75", "polygon": [1557, 1254, 1774, 1249, 1777, 1317, 1556, 1319], "confidence": 0.995, "span": {"offset": 271, "length": 6}}, {"content": "HYDERABADI", "polygon": [132, 1404, 626, 1392, 629, 1466, 133, 1478], "confidence": 0.995, "span": {"offset": 278, "length": 10}}, {"content": "MURG", "polygon": [641, 1392, 855, 1386, 858, 1458, 643, 1466], "confidence": 0.988, "span": {"offset": 289, "length": 4}}, {"content": "BIRYANI", "polygon": [139, 1492, 431, 1488, 433, 1556, 139, 1565], "confidence": 0.945, "span": {"offset": 294, "length": 7}}, {"content": "1", "polygon": [1067, 1430, 1092, 1430, 1093, 1491, 1068, 1491], "confidence": 0.995, "span": {"offset": 302, "length": 1}}, {"content": "375.00", "polygon": [1216, 1424, 1434, 1418, 1436, 1483, 1216, 1486], "confidence": 0.995, "span": {"offset": 304, "length": 6}}, {"content": "393.75", "polygon": [1558, 1416, 1780, 1409, 1781, 1469, 1560, 1474], "confidence": 0.987, "span": {"offset": 311, "length": 6}}, {"content": "Tandoori", "polygon": [151, 1606, 438, 1596, 437, 1673, 150, 1678], "confidence": 0.994, "span": {"offset": 318, "length": 8}}, {"content": "Roti", "polygon": [453, 1596, 591, 1592, 591, 1669, 452, 1672], "confidence": 0.981, "span": {"offset": 327, "length": 4}}, {"content": "all", "polygon": [606, 1591, 685, 1589, 685, 1666, 605, 1668], "confidence": 0.996, "span": {"offset": 332, "length": 3}}, {"content": "food", "polygon": [700, 1589, 843, 1585, 843, 1661, 699, 1665], "confidence": 0.987, "span": {"offset": 336, "length": 4}}, {"content": "less", "polygon": [141, 1691, 282, 1691, 282, 1772, 140, 1773], "confidence": 0.99, "span": {"offset": 341, "length": 4}}, {"content": "spicy", "polygon": [298, 1691, 473, 1692, 474, 1769, 298, 1772], "confidence": 0.994, "span": {"offset": 346, "length": 5}}, {"content": "2", "polygon": [1066, 1626, 1103, 1626, 1103, 1694, 1067, 1694], "confidence": 0.997, "span": {"offset": 352, "length": 1}}, {"content": "30.00", "polygon": [1262, 1624, 1438, 1619, 1439, 1682, 1265, 1685], "confidence": 0.995, "span": {"offset": 354, "length": 5}}, {"content": "63.00", "polygon": [1602, 1608, 1785, 1605, 1787, 1672, 1602, 1676], "confidence": 0.995, "span": {"offset": 360, "length": 5}}, {"content": "Tandoori", "polygon": [155, 1805, 443, 1799, 443, 1873, 153, 1879], "confidence": 0.995, "span": {"offset": 366, "length": 8}}, {"content": "Roti", "polygon": [457, 1798, 590, 1796, 593, 1869, 458, 1873], "confidence": 0.992, "span": {"offset": 375, "length": 4}}, {"content": "1", "polygon": [1077, 1785, 1103, 1785, 1105, 1846, 1079, 1847], "confidence": 0.995, "span": {"offset": 380, "length": 1}}, {"content": "30.00", "polygon": [1267, 1778, 1446, 1774, 1447, 1837, 1268, 1840], "confidence": 0.995, "span": {"offset": 382, "length": 5}}, {"content": "31.50", "polygon": [1609, 1763, 1791, 1760, 1792, 1829, 1610, 1833], "confidence": 0.995, "span": {"offset": 388, "length": 5}}, {"content": "Total", "polygon": [161, 2038, 317, 2038, 318, 2117, 160, 2117], "confidence": 0.99, "span": {"offset": 394, "length": 5}}, {"content": "Qty:", "polygon": [333, 2037, 470, 2036, 472, 2115, 334, 2117], "confidence": 0.987, "span": {"offset": 400, "length": 4}}, {"content": "1,035.00", "polygon": [1522, 2115, 1806, 2106, 1807, 2184, 1522, 2191], "confidence": 0.994, "span": {"offset": 405, "length": 8}}, {"content": "CGST@2.5", "polygon": [163, 2263, 550, 2253, 552, 2333, 162, 2337], "confidence": 0.995, "span": {"offset": 414, "length": 8}}, {"content": "25.89", "polygon": [1628, 2225, 1806, 2221, 1806, 2283, 1630, 2287], "confidence": 0.993, "span": {"offset": 423, "length": 5}}, {"content": "SGST@2.5", "polygon": [168, 2371, 551, 2363, 554, 2442, 167, 2447], "confidence": 0.982, "span": {"offset": 429, "length": 8}}, {"content": "25.89", "polygon": [1631, 2329, 1810, 2328, 1810, 2397, 1631, 2398], "confidence": 0.993, "span": {"offset": 438, "length": 5}}, {"content": "Total:", "polygon": [178, 2603, 421, 2600, 423, 2683, 177, 2687], "confidence": 0.952, "span": {"offset": 444, "length": 6}}, {"content": "1,139.00", "polygon": [1462, 2566, 1821, 2554, 1825, 2644, 1463, 2657], "confidence": 0.995, "span": {"offset": 451, "length": 8}}, {"content": "Thanks", "polygon": [702, 2915, 944, 2906, 945, 2975, 702, 2977], "confidence": 0.962, "span": {"offset": 460, "length": 6}}, {"content": "For", "polygon": [967, 2905, 1088, 2901, 1088, 2972, 967, 2975], "confidence": 0.995, "span": {"offset": 467, "length": 3}}, {"content": "Visit", "polygon": [1101, 2901, 1217, 2897, 1218, 2968, 1102, 2971], "confidence": 0.993, "span": {"offset": 471, "length": 5}}, {"content": "....", "polygon": [1231, 2897, 1322, 2894, 1323, 2964, 1232, 2967], "confidence": 0.95, "span": {"offset": 477, "length": 4}}, {"content": "6", "polygon": [1762, 1998, 1794, 1998, 1794, 2059, 1762, 2059], "confidence": 0.996, "span": {"offset": 482, "length": 1}}, {"content": "Sub", "polygon": [162, 2153, 283, 2150, 283, 2223, 160, 2226], "confidence": 0.995, "span": {"offset": 484, "length": 3}}, {"content": "Total:", "polygon": [321, 2149, 487, 2145, 490, 2220, 322, 2222], "confidence": 0.987, "span": {"offset": 488, "length": 6}}, {"content": "51.75", "polygon": [1629, 2441, 1811, 2439, 1812, 2509, 1629, 2512], "confidence": 0.993, "span": {"offset": 495, "length": 5}}, {"content": "S.", "polygon": [169, 2485, 233, 2485, 233, 2553, 169, 2553], "confidence": 0.995, "span": {"offset": 501, "length": 2}}, {"content": "Tax", "polygon": [246, 2485, 360, 2485, 360, 2553, 246, 2553], "confidence": 0.996, "span": {"offset": 504, "length": 3}}], "lines": [{"content": "Liquor Street", "polygon": [711, 44, 1149, 36, 1152, 110, 711, 124], "spans": [{"offset": 0, "length": 13}]}, {"content": "(ODVJH Private Limited)", "polygon": [518, 138, 1346, 117, 1348, 198, 518, 222], "spans": [{"offset": 14, "length": 23}]}, {"content": "11/2 Sector- 37,", "polygon": [674, 220, 1198, 207, 1200, 280, 674, 290], "spans": [{"offset": 38, "length": 16}]}, {"content": "Faridabad-121003.", "polygon": [622, 315, 1248, 298, 1249, 359, 624, 376], "spans": [{"offset": 55, "length": 17}]}, {"content": "Ph. No. : 0129-4360377, 9311111116", "polygon": [326, 405, 1554, 373, 1555, 444, 326, 476], "spans": [{"offset": 73, "length": 34}]}, {"content": "GSTIN : 06AACCO6344G1ZJ", "polygon": [445, 493, 1435, 464, 1437, 526, 446, 553], "spans": [{"offset": 108, "length": 23}]}, {"content": "Invoice Number:", "polygon": [109, 608, 658, 602, 660, 671, 109, 681], "spans": [{"offset": 132, "length": 15}]}, {"content": "IN001001259", "polygon": [958, 582, 1416, 574, 1417, 646, 958, 655], "spans": [{"offset": 148, "length": 11}]}, {"content": "Invoice Date:", "polygon": [113, 719, 555, 713, 556, 784, 113, 793], "spans": [{"offset": 160, "length": 13}]}, {"content": "20-May-18 22:55", "polygon": [961, 696, 1531, 679, 1533, 758, 961, 774], "spans": [{"offset": 174, "length": 15}]}, {"content": "Item", "polygon": [415, 954, 574, 948, 577, 1016, 415, 1019], "spans": [{"offset": 190, "length": 4}]}, {"content": "Qty.", "polygon": [921, 935, 1056, 936, 1056, 1014, 917, 1012], "spans": [{"offset": 195, "length": 4}]}, {"content": "Rate", "polygon": [1187, 928, 1351, 926, 1352, 994, 1187, 998], "spans": [{"offset": 200, "length": 4}]}, {"content": "Total", "polygon": [1522, 916, 1697, 914, 1699, 982, 1521, 986], "spans": [{"offset": 205, "length": 5}]}, {"content": "Tandoori chicken", "polygon": [127, 1180, 695, 1168, 696, 1242, 127, 1253], "spans": [{"offset": 211, "length": 16}]}, {"content": "1", "polygon": [1056, 1160, 1085, 1159, 1086, 1222, 1058, 1222], "spans": [{"offset": 228, "length": 1}]}, {"content": "295.00", "polygon": [1204, 1150, 1436, 1146, 1437, 1214, 1204, 1220], "spans": [{"offset": 230, "length": 6}]}, {"content": "309.75", "polygon": [1547, 1141, 1781, 1135, 1783, 1203, 1547, 1210], "spans": [{"offset": 237, "length": 6}]}, {"content": "Lasooni Dal Tadka", "polygon": [130, 1294, 751, 1281, 753, 1352, 130, 1366], "spans": [{"offset": 244, "length": 17}]}, {"content": "1", "polygon": [1056, 1272, 1090, 1271, 1092, 1330, 1057, 1332], "spans": [{"offset": 262, "length": 1}]}, {"content": "275.00", "polygon": [1206, 1265, 1435, 1263, 1435, 1328, 1206, 1330], "spans": [{"offset": 264, "length": 6}]}, {"content": "288.75", "polygon": [1552, 1252, 1784, 1248, 1785, 1316, 1552, 1319], "spans": [{"offset": 271, "length": 6}]}, {"content": "HYDERABADI MURG", "polygon": [131, 1404, 874, 1386, 876, 1459, 132, 1478], "spans": [{"offset": 278, "length": 15}]}, {"content": "BIRYANI", "polygon": [135, 1492, 431, 1487, 433, 1556, 135, 1564], "spans": [{"offset": 294, "length": 7}]}, {"content": "1", "polygon": [1064, 1431, 1094, 1430, 1096, 1491, 1066, 1491], "spans": [{"offset": 302, "length": 1}]}, {"content": "375.00", "polygon": [1213, 1422, 1442, 1417, 1443, 1481, 1213, 1486], "spans": [{"offset": 304, "length": 6}]}, {"content": "393.75", "polygon": [1555, 1415, 1789, 1408, 1791, 1468, 1556, 1474], "spans": [{"offset": 311, "length": 6}]}, {"content": "Tandoori Roti all food", "polygon": [141, 1604, 850, 1585, 851, 1659, 141, 1678], "spans": [{"offset": 318, "length": 22}]}, {"content": "less spicy", "polygon": [139, 1690, 474, 1690, 474, 1770, 139, 1772], "spans": [{"offset": 341, "length": 10}]}, {"content": "2", "polygon": [1060, 1626, 1110, 1626, 1111, 1693, 1059, 1694], "spans": [{"offset": 352, "length": 1}]}, {"content": "30.00", "polygon": [1259, 1622, 1448, 1618, 1450, 1681, 1260, 1685], "spans": [{"offset": 354, "length": 5}]}, {"content": "63.00", "polygon": [1602, 1609, 1793, 1605, 1794, 1672, 1602, 1676], "spans": [{"offset": 360, "length": 5}]}, {"content": "Tandoori Roti", "polygon": [143, 1805, 591, 1795, 593, 1868, 143, 1879], "spans": [{"offset": 366, "length": 13}]}, {"content": "1", "polygon": [1072, 1786, 1106, 1785, 1107, 1846, 1072, 1847], "spans": [{"offset": 380, "length": 1}]}, {"content": "30.00", "polygon": [1263, 1778, 1454, 1773, 1456, 1835, 1265, 1840], "spans": [{"offset": 382, "length": 5}]}, {"content": "31.50", "polygon": [1607, 1763, 1799, 1760, 1801, 1828, 1607, 1834], "spans": [{"offset": 388, "length": 5}]}, {"content": "Total Qty:", "polygon": [150, 2037, 472, 2035, 473, 2114, 150, 2117], "spans": [{"offset": 394, "length": 10}]}, {"content": "1,035.00", "polygon": [1518, 2115, 1810, 2105, 1812, 2183, 1518, 2191], "spans": [{"offset": 405, "length": 8}]}, {"content": "CGST@2.5", "polygon": [162, 2260, 553, 2253, 555, 2331, 162, 2337], "spans": [{"offset": 414, "length": 8}]}, {"content": "25.89", "polygon": [1621, 2225, 1811, 2220, 1813, 2281, 1622, 2286], "spans": [{"offset": 423, "length": 5}]}, {"content": "SGST@2.5", "polygon": [166, 2369, 554, 2362, 555, 2440, 166, 2447], "spans": [{"offset": 429, "length": 8}]}, {"content": "25.89", "polygon": [1624, 2329, 1815, 2328, 1816, 2397, 1623, 2398], "spans": [{"offset": 438, "length": 5}]}, {"content": "Total:", "polygon": [166, 2603, 421, 2599, 423, 2682, 166, 2687], "spans": [{"offset": 444, "length": 6}]}, {"content": "1,139.00", "polygon": [1457, 2566, 1821, 2553, 1825, 2647, 1458, 2657], "spans": [{"offset": 451, "length": 8}]}, {"content": "Thanks For Visit ....", "polygon": [694, 2912, 1324, 2894, 1326, 2963, 694, 2977], "spans": [{"offset": 460, "length": 21}]}, {"content": "6", "polygon": [1762, 1998, 1806, 1998, 1806, 2059, 1764, 2059], "spans": [{"offset": 482, "length": 1}]}, {"content": "Sub Total:", "polygon": [156, 2152, 490, 2144, 491, 2218, 156, 2226], "spans": [{"offset": 484, "length": 10}]}, {"content": "51.75", "polygon": [1629, 2442, 1819, 2439, 1821, 2509, 1629, 2512], "spans": [{"offset": 495, "length": 5}]}, {"content": "S. Tax", "polygon": [168, 2485, 360, 2486, 362, 2552, 166, 2553], "spans": [{"offset": 501, "length": 6}]}], "spans": [{"offset": 0, "length": 507}]}], "tables": [{"rowCount": 6, "columnCount": 4, "cells": [{"kind": "columnHeader", "rowIndex": 0, "columnIndex": 0, "content": "Item", "boundingRegions": [{"pageNumber": 1, "polygon": [97, 908, 887, 883, 894, 1081, 101, 1099]}], "spans": [{"offset": 190, "length": 4}]}, {"kind": "columnHeader", "rowIndex": 0, "columnIndex": 1, "content": "Qty.", "boundingRegions": [{"pageNumber": 1, "polygon": [887, 883, 1129, 876, 1138, 1077, 894, 1081]}], "spans": [{"offset": 195, "length": 4}]}, {"kind": "columnHeader", "rowIndex": 0, "columnIndex": 2, "content": "Rate", "boundingRegions": [{"pageNumber": 1, "polygon": [1129, 876, 1474, 867, 1479, 1069, 1138, 1077]}], "spans": [{"offset": 200, "length": 4}]}, {"kind": "columnHeader", "rowIndex": 0, "columnIndex": 3, "content": "Total", "boundingRegions": [{"pageNumber": 1, "polygon": [1474, 867, 1854, 857, 1860, 1052, 1479, 1069]}], "spans": [{"offset": 205, "length": 5}]}, {"rowIndex": 1, "columnIndex": 0, "content": "Tandoori chicken", "boundingRegions": [{"pageNumber": 1, "polygon": [101, 1099, 894, 1081, 899, 1252, 105, 1275]}], "spans": [{"offset": 211, "length": 16}]}, {"rowIndex": 1, "columnIndex": 1, "content": "1", "boundingRegions": [{"pageNumber": 1, "polygon": [894, 1081, 1138, 1077, 1143, 1243, 899, 1252]}], "spans": [{"offset": 228, "length": 1}]}, {"rowIndex": 1, "columnIndex": 2, "content": "295.00", "boundingRegions": [{"pageNumber": 1, "polygon": [1138, 1077, 1479, 1069, 1486, 1232, 1143, 1243]}], "spans": [{"offset": 230, "length": 6}]}, {"rowIndex": 1, "columnIndex": 3, "content": "309.75", "boundingRegions": [{"pageNumber": 1, "polygon": [1479, 1069, 1860, 1052, 1863, 1220, 1486, 1232]}], "spans": [{"offset": 237, "length": 6}]}, {"rowIndex": 2, "columnIndex": 0, "content": "Lasooni Dal Tadka", "boundingRegions": [{"pageNumber": 1, "polygon": [105, 1275, 899, 1252, 903, 1362, 106, 1385]}], "spans": [{"offset": 244, "length": 17}]}, {"rowIndex": 2, "columnIndex": 1, "content": "1", "boundingRegions": [{"pageNumber": 1, "polygon": [899, 1252, 1143, 1243, 1147, 1353, 903, 1362]}], "spans": [{"offset": 262, "length": 1}]}, {"rowIndex": 2, "columnIndex": 2, "content": "275.00", "boundingRegions": [{"pageNumber": 1, "polygon": [1143, 1243, 1486, 1232, 1490, 1343, 1147, 1353]}], "spans": [{"offset": 264, "length": 6}]}, {"rowIndex": 2, "columnIndex": 3, "content": "288.75", "boundingRegions": [{"pageNumber": 1, "polygon": [1486, 1232, 1863, 1220, 1867, 1330, 1490, 1343]}], "spans": [{"offset": 271, "length": 6}]}, {"rowIndex": 3, "columnIndex": 0, "content": "HYDERABADI MURG BIRYANI", "boundingRegions": [{"pageNumber": 1, "polygon": [106, 1385, 903, 1362, 908, 1558, 110, 1585]}], "spans": [{"offset": 278, "length": 23}]}, {"rowIndex": 3, "columnIndex": 1, "content": "1", "boundingRegions": [{"pageNumber": 1, "polygon": [903, 1362, 1147, 1353, 1154, 1551, 908, 1558]}], "spans": [{"offset": 302, "length": 1}]}, {"rowIndex": 3, "columnIndex": 2, "content": "375.00", "boundingRegions": [{"pageNumber": 1, "polygon": [1147, 1353, 1490, 1343, 1497, 1538, 1154, 1551]}], "spans": [{"offset": 304, "length": 6}]}, {"rowIndex": 3, "columnIndex": 3, "content": "393.75", "boundingRegions": [{"pageNumber": 1, "polygon": [1490, 1343, 1867, 1330, 1872, 1526, 1497, 1538]}], "spans": [{"offset": 311, "length": 6}]}, {"rowIndex": 4, "columnIndex": 0, "content": "Tandoori Roti all food less spicy", "boundingRegions": [{"pageNumber": 1, "polygon": [110, 1585, 908, 1558, 915, 1764, 113, 1789]}], "spans": [{"offset": 318, "length": 33}]}, {"rowIndex": 4, "columnIndex": 1, "content": "2", "boundingRegions": [{"pageNumber": 1, "polygon": [908, 1558, 1154, 1551, 1161, 1757, 915, 1764]}], "spans": [{"offset": 352, "length": 1}]}, {"rowIndex": 4, "columnIndex": 2, "content": "30.00", "boundingRegions": [{"pageNumber": 1, "polygon": [1154, 1551, 1497, 1538, 1504, 1745, 1161, 1757]}], "spans": [{"offset": 354, "length": 5}]}, {"rowIndex": 4, "columnIndex": 3, "content": "63.00", "boundingRegions": [{"pageNumber": 1, "polygon": [1497, 1538, 1872, 1526, 1878, 1732, 1504, 1745]}], "spans": [{"offset": 360, "length": 5}]}, {"rowIndex": 5, "columnIndex": 0, "content": "Tandoori Roti", "boundingRegions": [{"pageNumber": 1, "polygon": [113, 1789, 915, 1764, 919, 1882, 115, 1908]}], "spans": [{"offset": 366, "length": 13}]}, {"rowIndex": 5, "columnIndex": 1, "content": "1", "boundingRegions": [{"pageNumber": 1, "polygon": [915, 1764, 1161, 1757, 1166, 1875, 919, 1882]}], "spans": [{"offset": 380, "length": 1}]}, {"rowIndex": 5, "columnIndex": 2, "content": "30.00", "boundingRegions": [{"pageNumber": 1, "polygon": [1161, 1757, 1504, 1745, 1508, 1862, 1166, 1875]}], "spans": [{"offset": 382, "length": 5}]}, {"rowIndex": 5, "columnIndex": 3, "content": "31.50", "boundingRegions": [{"pageNumber": 1, "polygon": [1504, 1745, 1878, 1732, 1879, 1852, 1508, 1862]}], "spans": [{"offset": 388, "length": 5}]}], "boundingRegions": [{"pageNumber": 1, "polygon": [95, 876, 1810, 845, 1829, 1921, 113, 1952]}], "spans": [{"offset": 190, "length": 203}]}], "styles": [], "documents": [{"docType": "foodbill1", "boundingRegions": [{"pageNumber": 1, "polygon": [0, 0, 1886, 0, 1886, 2982, 0, 2982]}], "fields": {"RestaurantName": {"type": "string", "valueString": "Liquor Street (ODVJH Private Limited)", "content": "Liquor Street (ODVJH Private Limited)", "boundingRegions": [{"pageNumber": 1, "polygon": [513, 50, 1340, 28, 1345, 201, 518, 223]}], "confidence": 0.539, "spans": [{"offset": 0, "length": 37}]}, "RestaurantAddress": {"type": "string", "valueString": "11/2 Sector- 37, Faridabad-121003.", "content": "11/2 Sector- 37, Faridabad-121003.", "boundingRegions": [{"pageNumber": 1, "polygon": [620, 222, 1245, 206, 1249, 360, 624, 376]}], "confidence": 0.532, "spans": [{"offset": 38, "length": 34}]}, "RestuarantPhoneNumber": {"type": "string", "valueString": "0129-4360377, 9311111116", "content": "0129-4360377, 9311111116", "boundingRegions": [{"pageNumber": 1, "polygon": [635, 397, 1547, 372, 1549, 447, 637, 471]}], "confidence": 0.641, "spans": [{"offset": 83, "length": 24}]}, "RestuarantGSTNumber": {"type": "string", "valueString": "06AACCO6344G1ZJ", "content": "06AACCO6344G1ZJ", "boundingRegions": [{"pageNumber": 1, "polygon": [734, 486, 1435, 465, 1437, 526, 736, 547]}], "confidence": 0.728, "spans": [{"offset": 116, "length": 15}]}, "date": {"type": "date", "content": "20-May-18", "boundingRegions": [{"pageNumber": 1, "polygon": [964, 696, 1324, 687, 1326, 766, 966, 775]}], "confidence": 0.854, "spans": [{"offset": 174, "length": 9}]}, "time": {"type": "time", "content": "22:55", "boundingRegions": [{"pageNumber": 1, "polygon": [1348, 686, 1531, 678, 1534, 757, 1351, 765]}], "confidence": 0.731, "spans": [{"offset": 184, "length": 5}]}, "invoiceNumber": {"type": "string", "valueString": "IN001001259", "content": "IN001001259", "boundingRegions": [{"pageNumber": 1, "polygon": [957, 582, 1408, 574, 1409, 646, 958, 655]}], "confidence": 0.846, "spans": [{"offset": 148, "length": 11}]}, "quantity": {"type": "string", "valueString": "6", "content": "6", "boundingRegions": [{"pageNumber": 1, "polygon": [1762, 1998, 1794, 1998, 1794, 2059, 1762, 2059]}], "confidence": 0, "spans": [{"offset": 482, "length": 1}]}, "subTotal": {"type": "number", "valueNumber": 1035, "content": "1,035.00", "boundingRegions": [{"pageNumber": 1, "polygon": [1520, 2114, 1806, 2106, 1808, 2184, 1522, 2192]}], "confidence": 0.835, "spans": [{"offset": 405, "length": 8}]}, "billAmountTotal": {"type": "number", "valueNumber": 1139, "content": "1,139.00", "boundingRegions": [{"pageNumber": 1, "polygon": [1460, 2566, 1822, 2554, 1825, 2644, 1463, 2657]}], "confidence": 0.785, "spans": [{"offset": 451, "length": 8}]}, "Items": {"type": "array", "valueArray": [{"type": "object", "valueObject": {"item": {"type": "string", "valueString": "Tandoori chicken", "content": "Tandoori chicken", "boundingRegions": [{"pageNumber": 1, "polygon": [135, 1179, 690, 1168, 691, 1245, 136, 1256]}], "spans": [{"offset": 211, "length": 16}]}, "Qty": {"type": "number", "content": "1", "boundingRegions": [{"pageNumber": 1, "polygon": [1059, 1159, 1082, 1159, 1082, 1222, 1059, 1222]}], "spans": [{"offset": 228, "length": 1}]}, "rate": {"type": "number", "valueNumber": 295, "content": "295.00", "boundingRegions": [{"pageNumber": 1, "polygon": [1206, 1151, 1429, 1147, 1430, 1215, 1207, 1220]}], "spans": [{"offset": 230, "length": 6}]}, "amount": {"type": "number", "valueNumber": 309.75, "content": "309.75", "boundingRegions": [{"pageNumber": 1, "polygon": [1549, 1142, 1776, 1136, 1778, 1205, 1551, 1211]}], "spans": [{"offset": 237, "length": 6}]}}}, {"type": "object", "valueObject": {"item": {"type": "string", "valueString": "Lasooni Dal Tadka", "content": "Lasooni Dal Tadka", "boundingRegions": [{"pageNumber": 1, "polygon": [128, 1294, 747, 1279, 749, 1355, 130, 1370]}], "spans": [{"offset": 244, "length": 17}]}, "Qty": {"type": "number", "content": "1", "boundingRegions": [{"pageNumber": 1, "polygon": [1061, 1272, 1087, 1271, 1089, 1331, 1063, 1332]}], "spans": [{"offset": 262, "length": 1}]}, "rate": {"type": "number", "valueNumber": 275, "content": "275.00", "boundingRegions": [{"pageNumber": 1, "polygon": [1214, 1265, 1430, 1264, 1430, 1330, 1214, 1332]}], "spans": [{"offset": 264, "length": 6}]}, "amount": {"type": "number", "valueNumber": 288.75, "content": "288.75", "boundingRegions": [{"pageNumber": 1, "polygon": [1555, 1253, 1776, 1249, 1777, 1317, 1556, 1321]}], "spans": [{"offset": 271, "length": 6}]}}}, {"type": "object", "valueObject": {"item": {"type": "string", "valueString": "HYDERABADI MURG BIRYANI", "content": "HYDERABADI MURG BIRYANI", "boundingRegions": [{"pageNumber": 1, "polygon": [131, 1404, 856, 1386, 860, 1548, 135, 1565]}], "spans": [{"offset": 278, "length": 23}]}, "Qty": {"type": "number", "content": "1", "boundingRegions": [{"pageNumber": 1, "polygon": [1067, 1430, 1093, 1430, 1093, 1491, 1067, 1491]}], "spans": [{"offset": 302, "length": 1}]}, "rate": {"type": "number", "valueNumber": 375, "content": "375.00", "boundingRegions": [{"pageNumber": 1, "polygon": [1215, 1423, 1435, 1418, 1436, 1483, 1216, 1488]}], "spans": [{"offset": 304, "length": 6}]}, "amount": {"type": "number", "valueNumber": 393.75, "content": "393.75", "boundingRegions": [{"pageNumber": 1, "polygon": [1558, 1415, 1780, 1409, 1782, 1469, 1560, 1475]}], "spans": [{"offset": 311, "length": 6}]}}}, {"type": "object", "valueObject": {"item": {"type": "string", "valueString": "Tandoori Roti all food less spicy", "content": "Tandoori Roti all food less spicy", "boundingRegions": [{"pageNumber": 1, "polygon": [136, 1603, 843, 1585, 847, 1760, 140, 1777]}], "spans": [{"offset": 318, "length": 33}]}, "Qty": {"type": "number", "content": "2", "boundingRegions": [{"pageNumber": 1, "polygon": [1066, 1626, 1103, 1626, 1103, 1694, 1066, 1694]}], "spans": [{"offset": 352, "length": 1}]}, "rate": {"type": "number", "valueNumber": 30, "content": "30.00", "boundingRegions": [{"pageNumber": 1, "polygon": [1262, 1623, 1438, 1619, 1439, 1682, 1263, 1686]}], "spans": [{"offset": 354, "length": 5}]}, "amount": {"type": "number", "valueNumber": 63, "content": "63.00", "boundingRegions": [{"pageNumber": 1, "polygon": [1601, 1608, 1786, 1605, 1787, 1672, 1602, 1676]}], "spans": [{"offset": 360, "length": 5}]}}}, {"type": "object", "valueObject": {"item": {"type": "string", "valueString": "Tandoori Roti", "content": "Tandoori Roti", "boundingRegions": [{"pageNumber": 1, "polygon": [151, 1804, 591, 1795, 593, 1870, 153, 1879]}], "spans": [{"offset": 366, "length": 13}]}, "Qty": {"type": "number", "content": "1", "boundingRegions": [{"pageNumber": 1, "polygon": [1077, 1785, 1104, 1784, 1105, 1846, 1078, 1847]}], "spans": [{"offset": 380, "length": 1}]}, "rate": {"type": "number", "valueNumber": 30, "content": "30.00", "boundingRegions": [{"pageNumber": 1, "polygon": [1267, 1778, 1446, 1774, 1447, 1837, 1268, 1840]}], "spans": [{"offset": 382, "length": 5}]}, "amount": {"type": "number", "valueNumber": 31.5, "content": "31.50", "boundingRegions": [{"pageNumber": 1, "polygon": [1609, 1763, 1791, 1760, 1792, 1829, 1610, 1833]}], "spans": [{"offset": 388, "length": 5}]}}}]}, "TaxDetails": {"type": "array", "valueArray": [{"type": "object", "valueObject": {"type": {"type": "string", "valueString": "CGST@2.5", "content": "CGST@2.5", "boundingRegions": [{"pageNumber": 1, "polygon": [161, 2260, 551, 2253, 552, 2333, 162, 2340]}], "spans": [{"offset": 414, "length": 8}]}, "amount": {"type": "number", "valueNumber": 25.89, "content": "25.89", "boundingRegions": [{"pageNumber": 1, "polygon": [1628, 2225, 1806, 2221, 1807, 2283, 1629, 2287]}], "spans": [{"offset": 423, "length": 5}]}}}, {"type": "object", "valueObject": {"type": {"type": "string", "valueString": "SGST@2.5", "content": "SGST@2.5", "boundingRegions": [{"pageNumber": 1, "polygon": [166, 2370, 553, 2363, 554, 2442, 167, 2449]}], "spans": [{"offset": 429, "length": 8}]}, "amount": {"type": "number", "valueNumber": 25.89, "content": "25.89", "boundingRegions": [{"pageNumber": 1, "polygon": [1631, 2329, 1810, 2328, 1810, 2397, 1631, 2398]}], "spans": [{"offset": 438, "length": 5}]}}}, {"type": "object", "valueObject": {"amount": {"type": "number", "valueNumber": 51.75, "content": "51.75", "boundingRegions": [{"pageNumber": 1, "polygon": [1628, 2441, 1811, 2439, 1812, 2509, 1629, 2512]}], "spans": [{"offset": 495, "length": 5}]}}}]}, "location": {"type": "string", "confidence": 0.981}, "SAC": {"type": "string", "confidence": 0.972}, "orderNumber": {"type": "string", "confidence": 0.986}, "billType": {"type": "string", "confidence": 0.972}, "FSSAILicenseNumber": {"type": "string", "confidence": 0.988}, "numberOfItems": {"type": "string", "confidence": 0.988}, "itemValue": {"type": "string", "confidence": 0.985}, "user": {"type": "string", "confidence": 0.984}, "restaurantState": {"type": "string", "confidence": 0.987}, "tableNumber": {"type": "string", "confidence": 0.987}, "nameAndMobile": {"type": "string", "confidence": 0.988}, "cover": {"type": "string", "confidence": 0.988}, "steward_waiterName": {"type": "string", "confidence": 0.983}, "pax": {"type": "string", "confidence": 0.989}, "DineIn": {"type": "string", "confidence": 0.983}, "persons": {"type": "string", "confidence": 0.989}, "cardInvoiceNumber": {"type": "string", "confidence": 0.986}, "balanceAmount": {"type": "number", "confidence": 0.987}, "tokenNumber": {"type": "string", "confidence": 0.988}, "TIN_CINnumber": {"type": "string", "confidence": 0.978}, "paymentMode": {"type": "string", "confidence": 0.985}, "roundOff": {"type": "string", "confidence": 0.972}, "transactionDetails": {"type": "string", "confidence": 0.981}, "RestaurantMail": {"type": "string", "confidence": 0.988}, "cashier": {"type": "string", "confidence": 0.954}, "tenderAmount": {"type": "number", "confidence": 0.982}, "pboy": {"type": "string", "confidence": 0.985}, "bill_receiptNumber": {"type": "string", "confidence": 0.879}}, "confidence": 0.997, "spans": [{"offset": 0, "length": 507}]}]}}